x-axis,1,2
second,Volt,Volt
-5.000000E+00,,
-4.996094E+00,-1.525047E+00,-1.070273E+00
-4.992188E+00,-1.525047E+00,-1.070273E+00
-4.988281E+00,-1.525047E+00,-1.070273E+00
-4.984375E+00,-1.525047E+00,-1.070273E+00
-4.980469E+00,-1.525047E+00,-1.072786E+00
-4.976563E+00,-1.525047E+00,-1.072786E+00
-4.972656E+00,-1.525047E+00,-1.072786E+00
-4.968750E+00,-1.525047E+00,-1.072786E+00
-4.964844E+00,-1.525047E+00,-1.072786E+00
-4.960938E+00,-1.525047E+00,-1.072786E+00
-4.957031E+00,-1.525047E+00,-1.072786E+00
-4.953125E+00,-1.525047E+00,-1.072786E+00
-4.949219E+00,-1.525047E+00,-1.072786E+00
-4.945313E+00,-1.525047E+00,-1.070273E+00
-4.941406E+00,-1.525047E+00,-1.070273E+00
-4.937500E+00,-1.525047E+00,-1.072786E+00
-4.933594E+00,-1.525047E+00,-1.072786E+00
-4.929688E+00,-1.525047E+00,-1.070273E+00
-4.925781E+00,-1.525047E+00,-1.070273E+00
-4.921875E+00,-1.525047E+00,-1.072786E+00
-4.917969E+00,-1.525047E+00,-1.072786E+00
-4.914063E+00,-1.525047E+00,-1.072786E+00
-4.910156E+00,-1.525047E+00,-1.072786E+00
-4.906250E+00,-1.525047E+00,-1.072786E+00
-4.902344E+00,-1.525047E+00,-1.075298E+00
-4.898438E+00,-1.525047E+00,-1.075298E+00
-4.894531E+00,-1.525047E+00,-1.075298E+00
-4.890625E+00,-1.525047E+00,-1.075298E+00
-4.886719E+00,-1.525047E+00,-1.075298E+00
-4.882813E+00,-1.525047E+00,-1.075298E+00
-4.878906E+00,-1.525047E+00,-1.075298E+00
-4.875000E+00,-1.525047E+00,-1.077811E+00
-4.871094E+00,-1.525047E+00,-1.075298E+00
-4.867188E+00,-1.525047E+00,-1.075298E+00
-4.863281E+00,-1.527560E+00,-1.075298E+00
-4.859375E+00,-1.525047E+00,-1.075298E+00
-4.855469E+00,-1.525047E+00,-1.075298E+00
-4.851563E+00,-1.525047E+00,-1.075298E+00
-4.847656E+00,-1.525047E+00,-1.075298E+00
-4.843750E+00,-1.525047E+00,-1.075298E+00
-4.839844E+00,-1.525047E+00,-1.075298E+00
-4.835938E+00,-1.525047E+00,-1.077811E+00
-4.832031E+00,-1.525047E+00,-1.075298E+00
-4.828125E+00,-1.525047E+00,-1.075298E+00
-4.824219E+00,-1.525047E+00,-1.075298E+00
-4.820313E+00,-1.525047E+00,-1.075298E+00
-4.816406E+00,-1.525047E+00,-1.075298E+00
-4.812500E+00,-1.525047E+00,-1.075298E+00
-4.808594E+00,-1.525047E+00,-1.075298E+00
-4.804688E+00,-1.525047E+00,-1.072786E+00
-4.800781E+00,-1.525047E+00,-1.075298E+00
-4.796875E+00,-1.525047E+00,-1.075298E+00
-4.792969E+00,-1.525047E+00,-1.075298E+00
-4.789063E+00,-1.525047E+00,-1.075298E+00
-4.785156E+00,-1.525047E+00,-1.075298E+00
-4.781250E+00,-1.525047E+00,-1.075298E+00
-4.777344E+00,-1.525047E+00,-1.077811E+00
-4.773438E+00,-1.525047E+00,-1.075298E+00
-4.769531E+00,-1.525047E+00,-1.075298E+00
-4.765625E+00,-1.525047E+00,-1.075298E+00
-4.761719E+00,-1.525047E+00,-1.075298E+00
-4.757813E+00,-1.525047E+00,-1.077811E+00
-4.753906E+00,-1.525047E+00,-1.075298E+00
-4.750000E+00,-1.525047E+00,-1.072786E+00
-4.746094E+00,-1.525047E+00,-1.075298E+00
-4.742188E+00,-1.525047E+00,-1.075298E+00
-4.738281E+00,-1.525047E+00,-1.075298E+00
-4.734375E+00,-1.525047E+00,-1.075298E+00
-4.730469E+00,-1.525047E+00,-1.075298E+00
-4.726563E+00,-1.525047E+00,-1.075298E+00
-4.722656E+00,-1.525047E+00,-1.075298E+00
-4.718750E+00,-1.525047E+00,-1.075298E+00
-4.714844E+00,-1.525047E+00,-1.075298E+00
-4.710938E+00,-1.525047E+00,-1.075298E+00
-4.707031E+00,-1.525047E+00,-1.072786E+00
-4.703125E+00,-1.525047E+00,-1.072786E+00
-4.699219E+00,-1.525047E+00,-1.072786E+00
-4.695313E+00,-1.525047E+00,-1.075298E+00
-4.691406E+00,-1.525047E+00,-1.072786E+00
-4.687500E+00,-1.525047E+00,-1.075298E+00
-4.683594E+00,-1.525047E+00,-1.072786E+00
-4.679688E+00,-1.525047E+00,-1.072786E+00
-4.675781E+00,-1.525047E+00,-1.072786E+00
-4.671875E+00,-1.525047E+00,-1.072786E+00
-4.667969E+00,-1.525047E+00,-1.072786E+00
-4.664063E+00,-1.525047E+00,-1.072786E+00
-4.660156E+00,-1.525047E+00,-1.075298E+00
-4.656250E+00,-1.525047E+00,-1.072786E+00
-4.652344E+00,-1.525047E+00,-1.072786E+00
-4.648438E+00,-1.525047E+00,-1.072786E+00
-4.644531E+00,-1.525047E+00,-1.072786E+00
-4.640625E+00,-1.525047E+00,-1.072786E+00
-4.636719E+00,-1.525047E+00,-1.072786E+00
-4.632813E+00,-1.525047E+00,-1.072786E+00
-4.628906E+00,-1.525047E+00,-1.072786E+00
-4.625000E+00,-1.525047E+00,-1.072786E+00
-4.621094E+00,-1.525047E+00,-1.072786E+00
-4.617188E+00,-1.525047E+00,-1.072786E+00
-4.613281E+00,-1.525047E+00,-1.072786E+00
-4.609375E+00,-1.525047E+00,-1.075298E+00
-4.605469E+00,-1.525047E+00,-1.072786E+00
-4.601563E+00,-1.525047E+00,-1.072786E+00
-4.597656E+00,-1.525047E+00,-1.075298E+00
-4.593750E+00,-1.525047E+00,-1.075298E+00
-4.589844E+00,-1.525047E+00,-1.072786E+00
-4.585938E+00,-1.525047E+00,-1.072786E+00
-4.582031E+00,-1.525047E+00,-1.072786E+00
-4.578125E+00,-1.525047E+00,-1.072786E+00
-4.574219E+00,-1.525047E+00,-1.072786E+00
-4.570313E+00,-1.525047E+00,-1.072786E+00
-4.566406E+00,-1.525047E+00,-1.072786E+00
-4.562500E+00,-1.525047E+00,-1.072786E+00
-4.558594E+00,-1.525047E+00,-1.070273E+00
-4.554688E+00,-1.525047E+00,-1.072786E+00
-4.550781E+00,-1.525047E+00,-1.072786E+00
-4.546875E+00,-1.525047E+00,-1.070273E+00
-4.542969E+00,-1.525047E+00,-1.070273E+00
-4.539063E+00,-1.525047E+00,-1.072786E+00
-4.535156E+00,-1.525047E+00,-1.070273E+00
-4.531250E+00,-1.525047E+00,-1.070273E+00
-4.527344E+00,-1.525047E+00,-1.070273E+00
-4.523438E+00,-1.525047E+00,-1.072786E+00
-4.519531E+00,-1.525047E+00,-1.072786E+00
-4.515625E+00,-1.525047E+00,-1.072786E+00
-4.511719E+00,-1.525047E+00,-1.072786E+00
-4.507813E+00,-1.525047E+00,-1.072786E+00
-4.503906E+00,-1.525047E+00,-1.072786E+00
-4.500000E+00,-1.525047E+00,-1.072786E+00
-4.496094E+00,-1.525047E+00,-1.072786E+00
-4.492188E+00,-1.525047E+00,-1.075298E+00
-4.488281E+00,-1.525047E+00,-1.072786E+00
-4.484375E+00,-1.525047E+00,-1.072786E+00
-4.480469E+00,-1.525047E+00,-1.072786E+00
-4.476563E+00,-1.525047E+00,-1.072786E+00
-4.472656E+00,-1.525047E+00,-1.072786E+00
-4.468750E+00,-1.525047E+00,-1.072786E+00
-4.464844E+00,-1.525047E+00,-1.072786E+00
-4.460938E+00,-1.525047E+00,-1.072786E+00
-4.457031E+00,-1.525047E+00,-1.075298E+00
-4.453125E+00,-1.525047E+00,-1.075298E+00
-4.449219E+00,-1.525047E+00,-1.075298E+00
-4.445313E+00,-1.525047E+00,-1.072786E+00
-4.441406E+00,-1.525047E+00,-1.072786E+00
-4.437500E+00,-1.525047E+00,-1.075298E+00
-4.433594E+00,-1.525047E+00,-1.075298E+00
-4.429688E+00,-1.525047E+00,-1.075298E+00
-4.425781E+00,-1.525047E+00,-1.072786E+00
-4.421875E+00,-1.525047E+00,-1.072786E+00
-4.417969E+00,-1.525047E+00,-1.075298E+00
-4.414063E+00,-1.525047E+00,-1.075298E+00
-4.410156E+00,-1.525047E+00,-1.075298E+00
-4.406250E+00,-1.525047E+00,-1.075298E+00
-4.402344E+00,-1.525047E+00,-1.075298E+00
-4.398438E+00,-1.525047E+00,-1.075298E+00
-4.394531E+00,-1.525047E+00,-1.075298E+00
-4.390625E+00,-1.525047E+00,-1.075298E+00
-4.386719E+00,-1.525047E+00,-1.072786E+00
-4.382813E+00,-1.525047E+00,-1.075298E+00
-4.378906E+00,-1.525047E+00,-1.075298E+00
-4.375000E+00,-1.525047E+00,-1.075298E+00
-4.371094E+00,-1.525047E+00,-1.075298E+00
-4.367188E+00,-1.525047E+00,-1.075298E+00
-4.363281E+00,-1.525047E+00,-1.075298E+00
-4.359375E+00,-1.525047E+00,-1.075298E+00
-4.355469E+00,-1.525047E+00,-1.072786E+00
-4.351563E+00,-1.525047E+00,-1.072786E+00
-4.347656E+00,-1.525047E+00,-1.072786E+00
-4.343750E+00,-1.525047E+00,-1.072786E+00
-4.339844E+00,-1.525047E+00,-1.075298E+00
-4.335938E+00,-1.525047E+00,-1.072786E+00
-4.332031E+00,-1.525047E+00,-1.072786E+00
-4.328125E+00,-1.525047E+00,-1.072786E+00
-4.324219E+00,-1.525047E+00,-1.072786E+00
-4.320313E+00,-1.525047E+00,-1.075298E+00
-4.316406E+00,-1.525047E+00,-1.075298E+00
-4.312500E+00,-1.525047E+00,-1.072786E+00
-4.308594E+00,-1.525047E+00,-1.072786E+00
-4.304688E+00,-1.525047E+00,-1.072786E+00
-4.300781E+00,-1.525047E+00,-1.072786E+00
-4.296875E+00,-1.525047E+00,-1.075298E+00
-4.292969E+00,-1.525047E+00,-1.075298E+00
-4.289063E+00,-1.525047E+00,-1.075298E+00
-4.285156E+00,-1.525047E+00,-1.075298E+00
-4.281250E+00,-1.525047E+00,-1.075298E+00
-4.277344E+00,-1.525047E+00,-1.075298E+00
-4.273438E+00,-1.525047E+00,-1.075298E+00
-4.269531E+00,-1.525047E+00,-1.072786E+00
-4.265625E+00,-1.525047E+00,-1.072786E+00
-4.261719E+00,-1.525047E+00,-1.072786E+00
-4.257813E+00,-1.525047E+00,-1.072786E+00
-4.253906E+00,-1.525047E+00,-1.075298E+00
-4.250000E+00,-1.525047E+00,-1.072786E+00
-4.246094E+00,-1.525047E+00,-1.072786E+00
-4.242188E+00,-1.525047E+00,-1.072786E+00
-4.238281E+00,-1.525047E+00,-1.072786E+00
-4.234375E+00,-1.525047E+00,-1.072786E+00
-4.230469E+00,-1.525047E+00,-1.072786E+00
-4.226563E+00,-1.525047E+00,-1.070273E+00
-4.222656E+00,-1.527560E+00,-1.080323E+00
-4.218750E+00,-1.527560E+00,-1.082836E+00
-4.214844E+00,-1.527560E+00,-1.082836E+00
-4.210938E+00,-1.527560E+00,-1.082836E+00
-4.207031E+00,-1.527560E+00,-1.082836E+00
-4.203125E+00,-1.231077E+00,-507.459E-03
-4.199219E+00,+1.645807E+00,+5.103094E+00
-4.195313E+00,+1.643295E+00,+5.103094E+00
-4.191406E+00,+1.643295E+00,+5.103094E+00
-4.187500E+00,+1.638269E+00,+5.103094E+00
-4.183594E+00,+1.638269E+00,+5.103094E+00
-4.179688E+00,+1.638269E+00,+5.103094E+00
-4.175781E+00,+1.638269E+00,+5.103094E+00
-4.171875E+00,+1.638269E+00,+5.103094E+00
-4.167969E+00,+1.638269E+00,+5.103094E+00
-4.164063E+00,+1.638269E+00,+5.103094E+00
-4.160156E+00,+1.638269E+00,+5.103094E+00
-4.156250E+00,+1.638269E+00,+5.103094E+00
-4.152344E+00,+1.638269E+00,+5.103094E+00
-4.148438E+00,+1.640782E+00,+5.103094E+00
-4.144531E+00,+1.640782E+00,+5.103094E+00
-4.140625E+00,+1.640782E+00,+5.103094E+00
-4.136719E+00,+1.638269E+00,+5.103094E+00
-4.132813E+00,+1.638269E+00,+5.103094E+00
-4.128906E+00,+1.638269E+00,+5.103094E+00
-4.125000E+00,+1.640782E+00,+5.103094E+00
-4.121094E+00,+1.635757E+00,+5.103094E+00
-4.117188E+00,+1.628219E+00,+5.103094E+00
-4.113281E+00,+1.625707E+00,+5.062893E+00
-4.109375E+00,+1.625707E+00,+4.939777E+00
-4.105469E+00,+1.623194E+00,+4.809124E+00
-4.101563E+00,+1.623194E+00,+4.678470E+00
-4.097656E+00,+1.623194E+00,+4.545305E+00
-4.093750E+00,+1.623194E+00,+4.409626E+00
-4.089844E+00,+1.623194E+00,+4.278973E+00
-4.085938E+00,+1.623194E+00,+4.145807E+00
-4.082031E+00,+1.620682E+00,+4.012641E+00
-4.078125E+00,+1.620682E+00,+3.879475E+00
-4.074219E+00,+1.623194E+00,+3.743797E+00
-4.070313E+00,+1.623194E+00,+3.608119E+00
-4.066406E+00,+1.623194E+00,+3.472440E+00
-4.062500E+00,+1.620682E+00,+3.334249E+00
-4.058594E+00,+1.620682E+00,+3.198571E+00
-4.054688E+00,+1.620682E+00,+3.057867E+00
-4.050781E+00,+1.620682E+00,+2.917164E+00
-4.046875E+00,+1.620682E+00,+2.778973E+00
-4.042969E+00,+1.620682E+00,+2.640782E+00
-4.039063E+00,+1.620682E+00,+2.505104E+00
-4.035156E+00,+1.623194E+00,+2.366913E+00
-4.031250E+00,+1.623194E+00,+2.226209E+00
-4.027344E+00,+1.623194E+00,+2.088018E+00
-4.023438E+00,+1.620682E+00,+1.952340E+00
-4.019531E+00,+1.623194E+00,+1.816661E+00
-4.015625E+00,+1.620682E+00,+1.675958E+00
-4.011719E+00,+1.620682E+00,+1.537767E+00
-4.007813E+00,+1.618169E+00,+1.399576E+00
-4.003906E+00,+1.618169E+00,+1.263898E+00
-4.000000E+00,+1.620682E+00,+1.120682E+00
-3.996094E+00,+1.618169E+00,+982.491E-03
-3.992188E+00,+1.620682E+00,+844.300E-03
-3.988281E+00,+1.618169E+00,+706.109E-03
-3.984375E+00,+1.618169E+00,+565.405E-03
-3.980469E+00,+1.618169E+00,+424.702E-03
-3.976563E+00,+1.618169E+00,+289.023E-03
-3.972656E+00,+1.618169E+00,+150.832E-03
-3.968750E+00,+1.618169E+00,+12.641E-03
-3.964844E+00,+1.623194E+00,-123.037E-03
-3.960938E+00,+1.623194E+00,-258.715E-03
-3.957031E+00,+1.620682E+00,-399.419E-03
-3.953125E+00,+1.620682E+00,-537.610E-03
-3.949219E+00,+1.623194E+00,-673.288E-03
-3.945313E+00,+1.620682E+00,-813.992E-03
-3.941406E+00,+1.620682E+00,-952.183E-03
-3.937500E+00,+1.620682E+00,-1.092886E+00
-3.933594E+00,+1.618169E+00,-1.233590E+00
-3.929688E+00,+1.620682E+00,-1.374293E+00
-3.925781E+00,+1.620682E+00,-1.509972E+00
-3.921875E+00,+1.620682E+00,-1.648163E+00
-3.917969E+00,+1.618169E+00,-1.788866E+00
-3.914063E+00,+1.618169E+00,-1.927057E+00
-3.910156E+00,+1.620682E+00,-2.065248E+00
-3.906250E+00,+1.618169E+00,-2.203439E+00
-3.902344E+00,+1.618169E+00,-2.344143E+00
-3.898438E+00,+1.618169E+00,-2.479821E+00
-3.894531E+00,+1.618169E+00,-2.618012E+00
-3.890625E+00,+1.618169E+00,-2.753690E+00
-3.886719E+00,+1.618169E+00,-2.889369E+00
-3.882813E+00,+1.618169E+00,-3.012484E+00
-3.878906E+00,+1.618169E+00,-3.115499E+00
-3.875000E+00,+1.618169E+00,-3.200926E+00
-3.871094E+00,+1.618169E+00,-3.273791E+00
-3.867188E+00,+1.620682E+00,-3.329067E+00
-3.863281E+00,+1.620682E+00,-3.369268E+00
-3.859375E+00,+1.618169E+00,-3.394394E+00
-3.855469E+00,+1.618169E+00,-3.409469E+00
-3.851563E+00,+1.620682E+00,-3.401931E+00
-3.847656E+00,+1.618169E+00,-3.381831E+00
-3.843750E+00,+1.618169E+00,-3.349168E+00
-3.839844E+00,+1.618169E+00,-3.303942E+00
-3.835938E+00,+1.618169E+00,-3.241127E+00
-3.832031E+00,+1.618169E+00,-3.168263E+00
-3.828125E+00,+1.618169E+00,-3.080323E+00
-3.824219E+00,+1.620682E+00,-2.977308E+00
-3.820313E+00,+1.620682E+00,-2.864243E+00
-3.816406E+00,+1.620682E+00,-2.733590E+00
-3.812500E+00,+1.620682E+00,-2.597911E+00
-3.808594E+00,+1.618169E+00,-2.454695E+00
-3.804688E+00,+1.618169E+00,-2.308967E+00
-3.800781E+00,+1.618169E+00,-2.163238E+00
-3.796875E+00,+1.620682E+00,-2.020022E+00
-3.792969E+00,+1.618169E+00,-1.874293E+00
-3.789063E+00,+1.618169E+00,-1.731077E+00
-3.785156E+00,+1.620682E+00,-1.587861E+00
-3.781250E+00,+1.620682E+00,-1.442133E+00
-3.777344E+00,+1.620682E+00,-1.301429E+00
-3.773438E+00,+1.620682E+00,-1.155700E+00
-3.769531E+00,+1.620682E+00,-1.009972E+00
-3.765625E+00,+1.623194E+00,-864.243E-03
-3.761719E+00,+1.620682E+00,-721.027E-03
-3.757813E+00,+1.620682E+00,-577.811E-03
-3.753906E+00,+1.620682E+00,-434.595E-03
-3.750000E+00,+1.623194E+00,-288.866E-03
-3.746094E+00,+1.623194E+00,-145.650E-03
-3.742188E+00,+1.618169E+00,-2.434E-03
-3.738281E+00,+1.618169E+00,+140.782E-03
-3.734375E+00,+1.618169E+00,+283.998E-03
-3.730469E+00,+1.618169E+00,+424.702E-03
-3.726563E+00,+1.620682E+00,+572.943E-03
-3.722656E+00,+1.618169E+00,+718.671E-03
-3.718750E+00,+1.618169E+00,+861.888E-03
-3.714844E+00,+1.620682E+00,+1.005104E+00
-3.710938E+00,+1.620682E+00,+1.148320E+00
-3.707031E+00,+1.620682E+00,+1.294048E+00
-3.703125E+00,+1.620682E+00,+1.437264E+00
-3.699219E+00,+1.620682E+00,+1.580481E+00
-3.695313E+00,+1.620682E+00,+1.723697E+00
-3.691406E+00,+1.620682E+00,+1.869425E+00
-3.687500E+00,+1.620682E+00,+2.010129E+00
-3.683594E+00,+1.620682E+00,+2.153345E+00
-3.679688E+00,+1.620682E+00,+2.301586E+00
-3.675781E+00,+1.623194E+00,+2.444802E+00
-3.671875E+00,+1.620682E+00,+2.588018E+00
-3.667969E+00,+1.620682E+00,+2.728722E+00
-3.664063E+00,+1.620682E+00,+2.874450E+00
-3.660156E+00,+1.623194E+00,+3.017666E+00
-3.656250E+00,+1.620682E+00,+3.160883E+00
-3.652344E+00,+1.620682E+00,+3.304099E+00
-3.648438E+00,+1.623194E+00,+3.444802E+00
-3.644531E+00,+1.623194E+00,+3.588018E+00
-3.640625E+00,+1.623194E+00,+3.731234E+00
-3.636719E+00,+1.623194E+00,+3.871938E+00
-3.632813E+00,+1.623194E+00,+4.010129E+00
-3.628906E+00,+1.623194E+00,+4.148320E+00
-3.625000E+00,+1.623194E+00,+4.286511E+00
-3.621094E+00,+1.623194E+00,+4.424702E+00
-3.617188E+00,+1.623194E+00,+4.565405E+00
-3.613281E+00,+1.623194E+00,+4.703596E+00
-3.609375E+00,+1.623194E+00,+4.836762E+00
-3.605469E+00,+1.623194E+00,+4.972440E+00
-3.601563E+00,+1.623194E+00,+5.085506E+00
-3.597656E+00,+1.625707E+00,+5.103094E+00
-3.593750E+00,+1.623194E+00,+5.103094E+00
-3.589844E+00,+1.625707E+00,+5.103094E+00
-3.585938E+00,+1.625707E+00,+5.103094E+00
-3.582031E+00,+1.625707E+00,+5.103094E+00
-3.578125E+00,+1.623194E+00,+5.103094E+00
-3.574219E+00,+1.623194E+00,+5.103094E+00
-3.570313E+00,+1.625707E+00,+5.103094E+00
-3.566406E+00,+1.623194E+00,+5.103094E+00
-3.562500E+00,+1.623194E+00,+5.103094E+00
-3.558594E+00,+1.623194E+00,+5.103094E+00
-3.554688E+00,+1.625707E+00,+5.103094E+00
-3.550781E+00,+1.625707E+00,+5.103094E+00
-3.546875E+00,+1.625707E+00,+5.103094E+00
-3.542969E+00,+1.625707E+00,+5.103094E+00
-3.539063E+00,+1.623194E+00,+5.103094E+00
-3.535156E+00,+1.623194E+00,+5.103094E+00
-3.531250E+00,+1.623194E+00,+5.088018E+00
-3.527344E+00,+1.623194E+00,+4.987516E+00
-3.523438E+00,+1.623194E+00,+4.859375E+00
-3.519531E+00,+1.623194E+00,+4.728722E+00
-3.515625E+00,+1.623194E+00,+4.600581E+00
-3.511719E+00,+1.623194E+00,+4.464903E+00
-3.507813E+00,+1.623194E+00,+4.331737E+00
-3.503906E+00,+1.623194E+00,+4.198571E+00
-3.500000E+00,+1.620682E+00,+4.065405E+00
-3.496094E+00,+1.620682E+00,+3.927214E+00
-3.492188E+00,+1.620682E+00,+3.791536E+00
-3.488281E+00,+1.620682E+00,+3.655857E+00
-3.484375E+00,+1.620682E+00,+3.520179E+00
-3.480469E+00,+1.620682E+00,+3.379475E+00
-3.476563E+00,+1.618169E+00,+3.246310E+00
-3.472656E+00,+1.620682E+00,+3.108119E+00
-3.468750E+00,+1.620682E+00,+2.969928E+00
-3.464844E+00,+1.620682E+00,+2.829224E+00
-3.460938E+00,+1.618169E+00,+2.691033E+00
-3.457031E+00,+1.618169E+00,+2.555355E+00
-3.453125E+00,+1.620682E+00,+2.417164E+00
-3.449219E+00,+1.620682E+00,+2.278973E+00
-3.445313E+00,+1.620682E+00,+2.140782E+00
-3.441406E+00,+1.620682E+00,+2.002591E+00
-3.437500E+00,+1.620682E+00,+1.866913E+00
-3.433594E+00,+1.620682E+00,+1.723697E+00
-3.429688E+00,+1.618169E+00,+1.585506E+00
-3.425781E+00,+1.618169E+00,+1.449827E+00
-3.421875E+00,+1.618169E+00,+1.309124E+00
-3.417969E+00,+1.618169E+00,+1.168420E+00
-3.414063E+00,+1.618169E+00,+1.030229E+00
-3.410156E+00,+1.618169E+00,+894.551E-03
-3.406250E+00,+1.618169E+00,+756.360E-03
-3.402344E+00,+1.615656E+00,+615.656E-03
-3.398438E+00,+1.618169E+00,+474.953E-03
-3.394531E+00,+1.618169E+00,+336.762E-03
-3.390625E+00,+1.618169E+00,+198.571E-03
-3.386719E+00,+1.618169E+00,+62.893E-03
-3.382813E+00,+1.620682E+00,-75.298E-03
-3.378906E+00,+1.620682E+00,-208.464E-03
-3.375000E+00,+1.620682E+00,-346.655E-03
-3.371094E+00,+1.620682E+00,-489.871E-03
-3.367188E+00,+1.620682E+00,-628.062E-03
-3.363281E+00,+1.620682E+00,-766.253E-03
-3.359375E+00,+1.618169E+00,-906.957E-03
-3.355469E+00,+1.618169E+00,-1.045148E+00
-3.351563E+00,+1.618169E+00,-1.185851E+00
-3.347656E+00,+1.618169E+00,-1.324042E+00
-3.343750E+00,+1.620682E+00,-1.459720E+00
-3.339844E+00,+1.620682E+00,-1.600424E+00
-3.335938E+00,+1.618169E+00,-1.738615E+00
-3.332031E+00,+1.618169E+00,-1.876806E+00
-3.328125E+00,+1.618169E+00,-2.017509E+00
-3.324219E+00,+1.618169E+00,-2.155700E+00
-3.320313E+00,+1.615656E+00,-2.296404E+00
-3.316406E+00,+1.615656E+00,-2.434595E+00
-3.312500E+00,+1.615656E+00,-2.570273E+00
-3.308594E+00,+1.618169E+00,-2.705952E+00
-3.304688E+00,+1.618169E+00,-2.846655E+00
-3.300781E+00,+1.618169E+00,-2.972283E+00
-3.296875E+00,+1.615656E+00,-3.085349E+00
-3.292969E+00,+1.618169E+00,-3.173288E+00
-3.289063E+00,+1.618169E+00,-3.248665E+00
-3.285156E+00,+1.618169E+00,-3.313992E+00
-3.281250E+00,+1.618169E+00,-3.359218E+00
-3.277344E+00,+1.618169E+00,-3.389369E+00
-3.273438E+00,+1.618169E+00,-3.409469E+00
-3.269531E+00,+1.618169E+00,-3.411982E+00
-3.265625E+00,+1.618169E+00,-3.394394E+00
-3.261719E+00,+1.618169E+00,-3.369268E+00
-3.257813E+00,+1.618169E+00,-3.326555E+00
-3.253906E+00,+1.618169E+00,-3.273791E+00
-3.250000E+00,+1.618169E+00,-3.203439E+00
-3.246094E+00,+1.618169E+00,-3.123037E+00
-3.242188E+00,+1.618169E+00,-3.025047E+00
-3.238281E+00,+1.618169E+00,-2.917007E+00
-3.234375E+00,+1.618169E+00,-2.793891E+00
-3.230469E+00,+1.618169E+00,-2.660725E+00
-3.226563E+00,+1.615656E+00,-2.520022E+00
-3.222656E+00,+1.618169E+00,-2.379318E+00
-3.218750E+00,+1.618169E+00,-2.233590E+00
-3.214844E+00,+1.618169E+00,-2.087861E+00
-3.210938E+00,+1.618169E+00,-1.944645E+00
-3.207031E+00,+1.618169E+00,-1.798916E+00
-3.203125E+00,+1.618169E+00,-1.655700E+00
-3.199219E+00,+1.618169E+00,-1.512484E+00
-3.195313E+00,+1.620682E+00,-1.369268E+00
-3.191406E+00,+1.618169E+00,-1.226052E+00
-3.187500E+00,+1.620682E+00,-1.080323E+00
-3.183594E+00,+1.620682E+00,-932.082E-03
-3.179688E+00,+1.620682E+00,-786.354E-03
-3.175781E+00,+1.620682E+00,-643.138E-03
-3.171875E+00,+1.620682E+00,-499.921E-03
-3.167969E+00,+1.620682E+00,-354.193E-03
-3.164063E+00,+1.623194E+00,-210.977E-03
-3.160156E+00,+1.620682E+00,-70.273E-03
-3.156250E+00,+1.618169E+00,+70.430E-03
-3.152344E+00,+1.618169E+00,+216.159E-03
-3.148438E+00,+1.618169E+00,+359.375E-03
-3.144531E+00,+1.618169E+00,+502.591E-03
-3.140625E+00,+1.618169E+00,+648.320E-03
-3.136719E+00,+1.618169E+00,+794.048E-03
-3.132813E+00,+1.618169E+00,+937.264E-03
-3.128906E+00,+1.620682E+00,+1.077968E+00
-3.125000E+00,+1.620682E+00,+1.223697E+00
-3.121094E+00,+1.620682E+00,+1.369425E+00
-3.117188E+00,+1.620682E+00,+1.515154E+00
-3.113281E+00,+1.620682E+00,+1.660883E+00
-3.109375E+00,+1.620682E+00,+1.804099E+00
-3.105469E+00,+1.620682E+00,+1.944802E+00
-3.101563E+00,+1.620682E+00,+2.088018E+00
-3.097656E+00,+1.620682E+00,+2.231234E+00
-3.093750E+00,+1.623194E+00,+2.376963E+00
-3.089844E+00,+1.620682E+00,+2.517666E+00
-3.085938E+00,+1.620682E+00,+2.660883E+00
-3.082031E+00,+1.620682E+00,+2.801586E+00
-3.078125E+00,+1.620682E+00,+2.949827E+00
-3.074219E+00,+1.620682E+00,+3.093043E+00
-3.070313E+00,+1.620682E+00,+3.236259E+00
-3.066406E+00,+1.620682E+00,+3.376963E+00
-3.062500E+00,+1.620682E+00,+3.520179E+00
-3.058594E+00,+1.623194E+00,+3.660882E+00
-3.054688E+00,+1.620682E+00,+3.804099E+00
-3.050781E+00,+1.620682E+00,+3.944802E+00
-3.046875E+00,+1.623194E+00,+4.082993E+00
-3.042969E+00,+1.623194E+00,+4.223697E+00
-3.039063E+00,+1.623194E+00,+4.359375E+00
-3.035156E+00,+1.620682E+00,+4.495053E+00
-3.031250E+00,+1.623194E+00,+4.638269E+00
-3.027344E+00,+1.623194E+00,+4.771435E+00
-3.023438E+00,+1.625707E+00,+4.907114E+00
-3.019531E+00,+1.625707E+00,+5.037767E+00
-3.015625E+00,+1.625707E+00,+5.103094E+00
-3.011719E+00,+1.625707E+00,+5.103094E+00
-3.007813E+00,+1.625707E+00,+5.103094E+00
-3.003906E+00,+1.625707E+00,+5.103094E+00
-3.000000E+00,+1.625707E+00,+5.103094E+00
-2.996094E+00,+1.625707E+00,+5.103094E+00
-2.992188E+00,+1.625707E+00,+5.103094E+00
-2.988281E+00,+1.625707E+00,+5.103094E+00
-2.984375E+00,+1.625707E+00,+5.103094E+00
-2.980469E+00,+1.625707E+00,+5.103094E+00
-2.976563E+00,+1.625707E+00,+5.103094E+00
-2.972656E+00,+1.625707E+00,+5.103094E+00
-2.968750E+00,+1.625707E+00,+5.103094E+00
-2.964844E+00,+1.625707E+00,+5.103094E+00
-2.960938E+00,+1.625707E+00,+5.103094E+00
-2.957031E+00,+1.625707E+00,+5.103094E+00
-2.953125E+00,+1.625707E+00,+5.103094E+00
-2.949219E+00,+1.625707E+00,+5.100581E+00
-2.945313E+00,+1.625707E+00,+5.027717E+00
-2.941406E+00,+1.625707E+00,+4.904601E+00
-2.937500E+00,+1.623194E+00,+4.771435E+00
-2.933594E+00,+1.623194E+00,+4.640782E+00
-2.929688E+00,+1.623194E+00,+4.507616E+00
-2.925781E+00,+1.623194E+00,+4.374450E+00
-2.921875E+00,+1.623194E+00,+4.241285E+00
-2.917969E+00,+1.623194E+00,+4.105606E+00
-2.914063E+00,+1.620682E+00,+3.972440E+00
-2.910156E+00,+1.620682E+00,+3.836762E+00
-2.906250E+00,+1.623194E+00,+3.703596E+00
-2.902344E+00,+1.620682E+00,+3.565405E+00
-2.898438E+00,+1.620682E+00,+3.427214E+00
-2.894531E+00,+1.620682E+00,+3.291536E+00
-2.890625E+00,+1.620682E+00,+3.155857E+00
-2.886719E+00,+1.618169E+00,+3.015154E+00
-2.882813E+00,+1.618169E+00,+2.876963E+00
-2.878906E+00,+1.618169E+00,+2.736259E+00
-2.875000E+00,+1.618169E+00,+2.598068E+00
-2.871094E+00,+1.620682E+00,+2.462390E+00
-2.867188E+00,+1.620682E+00,+2.319174E+00
-2.863281E+00,+1.620682E+00,+2.180983E+00
-2.859375E+00,+1.618169E+00,+2.040280E+00
-2.855469E+00,+1.620682E+00,+1.907114E+00
-2.851563E+00,+1.618169E+00,+1.768923E+00
-2.847656E+00,+1.618169E+00,+1.630732E+00
-2.843750E+00,+1.618169E+00,+1.492541E+00
-2.839844E+00,+1.618169E+00,+1.354350E+00
-2.835938E+00,+1.618169E+00,+1.216159E+00
-2.832031E+00,+1.618169E+00,+1.075455E+00
-2.828125E+00,+1.618169E+00,+939.777E-03
-2.824219E+00,+1.615656E+00,+801.586E-03
-2.820313E+00,+1.615656E+00,+663.395E-03
-2.816406E+00,+1.618169E+00,+522.692E-03
-2.812500E+00,+1.615656E+00,+381.988E-03
-2.808594E+00,+1.615656E+00,+241.285E-03
-2.804688E+00,+1.615656E+00,+103.094E-03
-2.800781E+00,+1.618169E+00,-32.585E-03
-2.796875E+00,+1.620682E+00,-170.776E-03
-2.792969E+00,+1.620682E+00,-306.454E-03
-2.789063E+00,+1.620682E+00,-447.158E-03
-2.785156E+00,+1.620682E+00,-585.349E-03
-2.781250E+00,+1.620682E+00,-723.540E-03
-2.777344E+00,+1.620682E+00,-861.731E-03
-2.773438E+00,+1.618169E+00,-999.921E-03
-2.769531E+00,+1.618169E+00,-1.140625E+00
-2.765625E+00,+1.618169E+00,-1.278816E+00
-2.761719E+00,+1.620682E+00,-1.417007E+00
-2.757813E+00,+1.618169E+00,-1.555198E+00
-2.753906E+00,+1.618169E+00,-1.693389E+00
-2.750000E+00,+1.618169E+00,-1.831580E+00
-2.746094E+00,+1.618169E+00,-1.972283E+00
-2.742188E+00,+1.618169E+00,-2.112987E+00
-2.738281E+00,+1.615656E+00,-2.251178E+00
-2.734375E+00,+1.615656E+00,-2.391881E+00
-2.730469E+00,+1.615656E+00,-2.527560E+00
-2.726563E+00,+1.618169E+00,-2.663238E+00
-2.722656E+00,+1.618169E+00,-2.801429E+00
-2.718750E+00,+1.615656E+00,-2.932082E+00
-2.714844E+00,+1.615656E+00,-3.045148E+00
-2.710938E+00,+1.615656E+00,-3.140625E+00
-2.707031E+00,+1.615656E+00,-3.221027E+00
-2.703125E+00,+1.618169E+00,-3.283841E+00
-2.699219E+00,+1.615656E+00,-3.334092E+00
-2.695313E+00,+1.615656E+00,-3.369268E+00
-2.691406E+00,+1.615656E+00,-3.384344E+00
-2.687500E+00,+1.618169E+00,-3.391881E+00
-2.683594E+00,+1.618169E+00,-3.379318E+00
-2.679688E+00,+1.618169E+00,-3.356705E+00
-2.675781E+00,+1.615656E+00,-3.321529E+00
-2.671875E+00,+1.618169E+00,-3.268766E+00
-2.667969E+00,+1.615656E+00,-3.200926E+00
-2.664063E+00,+1.618169E+00,-3.125550E+00
-2.660156E+00,+1.618169E+00,-3.032585E+00
-2.656250E+00,+1.618169E+00,-2.927057E+00
-2.652344E+00,+1.618169E+00,-2.808967E+00
-2.648438E+00,+1.618169E+00,-2.675801E+00
-2.644531E+00,+1.615656E+00,-2.540122E+00
-2.640625E+00,+1.615656E+00,-2.396906E+00
-2.636719E+00,+1.615656E+00,-2.253690E+00
-2.632813E+00,+1.618169E+00,-2.107962E+00
-2.628906E+00,+1.618169E+00,-1.964746E+00
-2.625000E+00,+1.618169E+00,-1.821530E+00
-2.621094E+00,+1.618169E+00,-1.675801E+00
-2.617188E+00,+1.618169E+00,-1.527560E+00
-2.613281E+00,+1.618169E+00,-1.384344E+00
-2.609375E+00,+1.618169E+00,-1.241127E+00
-2.605469E+00,+1.618169E+00,-1.097911E+00
-2.601563E+00,+1.618169E+00,-949.670E-03
-2.597656E+00,+1.618169E+00,-806.454E-03
-2.593750E+00,+1.620682E+00,-663.238E-03
-2.589844E+00,+1.620682E+00,-517.509E-03
-2.585938E+00,+1.620682E+00,-374.293E-03
-2.582031E+00,+1.623194E+00,-228.565E-03
-2.578125E+00,+1.620682E+00,-90.374E-03
-2.574219E+00,+1.615656E+00,+52.842E-03
-2.570313E+00,+1.618169E+00,+196.058E-03
-2.566406E+00,+1.618169E+00,+339.274E-03
-2.562500E+00,+1.618169E+00,+482.491E-03
-2.558594E+00,+1.618169E+00,+630.732E-03
-2.554688E+00,+1.618169E+00,+778.973E-03
-2.550781E+00,+1.618169E+00,+922.189E-03
-2.546875E+00,+1.618169E+00,+1.060380E+00
-2.542969E+00,+1.618169E+00,+1.208621E+00
-2.539063E+00,+1.618169E+00,+1.351837E+00
-2.535156E+00,+1.618169E+00,+1.495053E+00
-2.531250E+00,+1.618169E+00,+1.640782E+00
-2.527344E+00,+1.620682E+00,+1.783998E+00
-2.523438E+00,+1.618169E+00,+1.927214E+00
-2.519531E+00,+1.620682E+00,+2.067918E+00
-2.515625E+00,+1.620682E+00,+2.208621E+00
-2.511719E+00,+1.620682E+00,+2.354350E+00
-2.507813E+00,+1.620682E+00,+2.500078E+00
-2.503906E+00,+1.618169E+00,+2.638269E+00
-2.500000E+00,+1.618169E+00,+2.783998E+00
-2.496094E+00,+1.618169E+00,+2.929727E+00
-2.492188E+00,+1.618169E+00,+3.075455E+00
-2.488281E+00,+1.618169E+00,+3.221184E+00
-2.484375E+00,+1.620682E+00,+3.359375E+00
-2.480469E+00,+1.620682E+00,+3.502591E+00
-2.476563E+00,+1.620682E+00,+3.645807E+00
-2.472656E+00,+1.620682E+00,+3.786511E+00
-2.468750E+00,+1.620682E+00,+3.927214E+00
-2.464844E+00,+1.620682E+00,+4.062893E+00
-2.460938E+00,+1.620682E+00,+4.201083E+00
-2.457031E+00,+1.620682E+00,+4.339274E+00
-2.453125E+00,+1.620682E+00,+4.477465E+00
-2.449219E+00,+1.620682E+00,+4.618169E+00
-2.445313E+00,+1.620682E+00,+4.753847E+00
-2.441406E+00,+1.623194E+00,+4.889526E+00
-2.437500E+00,+1.623194E+00,+5.020179E+00
-2.433594E+00,+1.623194E+00,+5.100581E+00
-2.429688E+00,+1.625707E+00,+5.103094E+00
-2.425781E+00,+1.623194E+00,+5.103094E+00
-2.421875E+00,+1.625707E+00,+5.103094E+00
-2.417969E+00,+1.625707E+00,+5.103094E+00
-2.414063E+00,+1.625707E+00,+5.103094E+00
-2.410156E+00,+1.625707E+00,+5.103094E+00
-2.406250E+00,+1.625707E+00,+5.103094E+00
-2.402344E+00,+1.625707E+00,+5.103094E+00
-2.398438E+00,+1.625707E+00,+5.103094E+00
-2.394531E+00,+1.625707E+00,+5.103094E+00
-2.390625E+00,+1.625707E+00,+5.103094E+00
-2.386719E+00,+1.625707E+00,+5.103094E+00
-2.382813E+00,+1.625707E+00,+5.103094E+00
-2.378906E+00,+1.625707E+00,+5.103094E+00
-2.375000E+00,+1.623194E+00,+5.103094E+00
-2.371094E+00,+1.623194E+00,+5.103094E+00
-2.367188E+00,+1.623194E+00,+5.095556E+00
-2.363281E+00,+1.623194E+00,+5.010129E+00
-2.359375E+00,+1.620682E+00,+4.884501E+00
-2.355469E+00,+1.620682E+00,+4.756360E+00
-2.351563E+00,+1.620682E+00,+4.625707E+00
-2.347656E+00,+1.620682E+00,+4.490028E+00
-2.343750E+00,+1.620682E+00,+4.359375E+00
-2.339844E+00,+1.620682E+00,+4.226209E+00
-2.335938E+00,+1.620682E+00,+4.093043E+00
-2.332031E+00,+1.620682E+00,+3.959877E+00
-2.328125E+00,+1.620682E+00,+3.826712E+00
-2.324219E+00,+1.623194E+00,+3.688521E+00
-2.320313E+00,+1.620682E+00,+3.552842E+00
-2.316406E+00,+1.620682E+00,+3.412139E+00
-2.312500E+00,+1.620682E+00,+3.278973E+00
-2.308594E+00,+1.620682E+00,+3.138269E+00
-2.304688E+00,+1.620682E+00,+3.000078E+00
-2.300781E+00,+1.618169E+00,+2.859375E+00
-2.296875E+00,+1.618169E+00,+2.721184E+00
-2.292969E+00,+1.618169E+00,+2.585506E+00
-2.289063E+00,+1.620682E+00,+2.447315E+00
-2.285156E+00,+1.620682E+00,+2.309124E+00
-2.281250E+00,+1.620682E+00,+2.168420E+00
-2.277344E+00,+1.618169E+00,+2.030229E+00
-2.273438E+00,+1.620682E+00,+1.897063E+00
-2.269531E+00,+1.620682E+00,+1.756360E+00
-2.265625E+00,+1.618169E+00,+1.618169E+00
-2.261719E+00,+1.618169E+00,+1.479978E+00
-2.257813E+00,+1.618169E+00,+1.341787E+00
-2.253906E+00,+1.618169E+00,+1.201084E+00
-2.250000E+00,+1.618169E+00,+1.060380E+00
-2.246094E+00,+1.618169E+00,+924.702E-03
-2.242188E+00,+1.618169E+00,+783.998E-03
-2.238281E+00,+1.618169E+00,+645.807E-03
-2.234375E+00,+1.618169E+00,+502.591E-03
-2.230469E+00,+1.615656E+00,+366.913E-03
-2.226563E+00,+1.615656E+00,+226.209E-03
-2.222656E+00,+1.615656E+00,+90.531E-03
-2.218750E+00,+1.618169E+00,-47.660E-03
-2.214844E+00,+1.620682E+00,-183.339E-03
-2.210938E+00,+1.620682E+00,-319.017E-03
-2.207031E+00,+1.620682E+00,-459.720E-03
-2.203125E+00,+1.618169E+00,-597.911E-03
-2.199219E+00,+1.618169E+00,-736.102E-03
-2.195313E+00,+1.618169E+00,-874.293E-03
-2.191406E+00,+1.618169E+00,-1.012484E+00
-2.187500E+00,+1.618169E+00,-1.153188E+00
-2.183594E+00,+1.618169E+00,-1.293891E+00
-2.179688E+00,+1.618169E+00,-1.434595E+00
-2.175781E+00,+1.618169E+00,-1.572786E+00
-2.171875E+00,+1.618169E+00,-1.710977E+00
-2.167969E+00,+1.618169E+00,-1.849168E+00
-2.164063E+00,+1.618169E+00,-1.989871E+00
-2.160156E+00,+1.618169E+00,-2.128062E+00
-2.156250E+00,+1.615656E+00,-2.266253E+00
-2.152344E+00,+1.615656E+00,-2.404444E+00
-2.148438E+00,+1.615656E+00,-2.542635E+00
-2.144531E+00,+1.618169E+00,-2.675801E+00
-2.140625E+00,+1.618169E+00,-2.813992E+00
-2.136719E+00,+1.618169E+00,-2.939620E+00
-2.132813E+00,+1.618169E+00,-3.047660E+00
-2.128906E+00,+1.618169E+00,-3.138112E+00
-2.125000E+00,+1.618169E+00,-3.210977E+00
-2.121094E+00,+1.618169E+00,-3.273791E+00
-2.117188E+00,+1.618169E+00,-3.319017E+00
-2.113281E+00,+1.618169E+00,-3.346655E+00
-2.109375E+00,+1.618169E+00,-3.364243E+00
-2.105469E+00,+1.618169E+00,-3.364243E+00
-2.101563E+00,+1.618169E+00,-3.349168E+00
-2.097656E+00,+1.618169E+00,-3.326555E+00
-2.093750E+00,+1.618169E+00,-3.283841E+00
-2.089844E+00,+1.615656E+00,-3.228565E+00
-2.085938E+00,+1.618169E+00,-3.158213E+00
-2.082031E+00,+1.618169E+00,-3.077811E+00
-2.078125E+00,+1.618169E+00,-2.982334E+00
-2.074219E+00,+1.618169E+00,-2.871781E+00
-2.070313E+00,+1.618169E+00,-2.751178E+00
-2.066406E+00,+1.618169E+00,-2.620524E+00
-2.062500E+00,+1.615656E+00,-2.479821E+00
-2.058594E+00,+1.618169E+00,-2.336605E+00
-2.054688E+00,+1.618169E+00,-2.190876E+00
-2.050781E+00,+1.618169E+00,-2.045148E+00
-2.046875E+00,+1.618169E+00,-1.901932E+00
-2.042969E+00,+1.618169E+00,-1.756203E+00
-2.039063E+00,+1.618169E+00,-1.612987E+00
-2.035156E+00,+1.618169E+00,-1.467258E+00
-2.031250E+00,+1.618169E+00,-1.326555E+00
-2.027344E+00,+1.618169E+00,-1.183339E+00
-2.023438E+00,+1.618169E+00,-1.035097E+00
-2.019531E+00,+1.618169E+00,-891.881E-03
-2.015625E+00,+1.620682E+00,-746.153E-03
-2.011719E+00,+1.620682E+00,-602.937E-03
-2.007813E+00,+1.620682E+00,-459.720E-03
-2.003906E+00,+1.620682E+00,-313.992E-03
-2.000000E+00,+1.620682E+00,-173.288E-03
-1.996094E+00,+1.618169E+00,-30.072E-03
-1.992188E+00,+1.615656E+00,+113.144E-03
-1.988281E+00,+1.615656E+00,+256.360E-03
-1.984375E+00,+1.618169E+00,+402.089E-03
-1.980469E+00,+1.618169E+00,+545.305E-03
-1.976563E+00,+1.615656E+00,+693.546E-03
-1.972656E+00,+1.618169E+00,+836.762E-03
-1.968750E+00,+1.618169E+00,+977.465E-03
-1.964844E+00,+1.620682E+00,+1.120682E+00
-1.960938E+00,+1.618169E+00,+1.266410E+00
-1.957031E+00,+1.618169E+00,+1.412139E+00
-1.953125E+00,+1.618169E+00,+1.555355E+00
-1.949219E+00,+1.618169E+00,+1.698571E+00
-1.945313E+00,+1.620682E+00,+1.844300E+00
-1.941406E+00,+1.618169E+00,+1.982491E+00
-1.937500E+00,+1.620682E+00,+2.125707E+00
-1.933594E+00,+1.620682E+00,+2.271435E+00
-1.929688E+00,+1.620682E+00,+2.419676E+00
-1.925781E+00,+1.618169E+00,+2.562893E+00
-1.921875E+00,+1.618169E+00,+2.703596E+00
-1.917969E+00,+1.620682E+00,+2.846812E+00
-1.914063E+00,+1.620682E+00,+2.992541E+00
-1.910156E+00,+1.620682E+00,+3.135757E+00
-1.906250E+00,+1.620682E+00,+3.278973E+00
-1.902344E+00,+1.620682E+00,+3.419676E+00
-1.898438E+00,+1.620682E+00,+3.562893E+00
-1.894531E+00,+1.620682E+00,+3.703596E+00
-1.890625E+00,+1.620682E+00,+3.844300E+00
-1.886719E+00,+1.620682E+00,+3.985003E+00
-1.882813E+00,+1.620682E+00,+4.123194E+00
-1.878906E+00,+1.623194E+00,+4.261385E+00
-1.875000E+00,+1.623194E+00,+4.397063E+00
-1.871094E+00,+1.623194E+00,+4.537767E+00
-1.867188E+00,+1.623194E+00,+4.678470E+00
-1.863281E+00,+1.623194E+00,+4.811636E+00
-1.859375E+00,+1.625707E+00,+4.949827E+00
-1.855469E+00,+1.625707E+00,+5.065405E+00
-1.851563E+00,+1.625707E+00,+5.103094E+00
-1.847656E+00,+1.625707E+00,+5.103094E+00
-1.843750E+00,+1.625707E+00,+5.103094E+00
-1.839844E+00,+1.625707E+00,+5.103094E+00
-1.835938E+00,+1.623194E+00,+5.103094E+00
-1.832031E+00,+1.625707E+00,+5.103094E+00
-1.828125E+00,+1.625707E+00,+5.103094E+00
-1.824219E+00,+1.625707E+00,+5.103094E+00
-1.820313E+00,+1.625707E+00,+5.103094E+00
-1.816406E+00,+1.625707E+00,+5.103094E+00
-1.812500E+00,+1.625707E+00,+5.103094E+00
-1.808594E+00,+1.625707E+00,+5.103094E+00
-1.804688E+00,+1.625707E+00,+5.103094E+00
-1.800781E+00,+1.625707E+00,+5.103094E+00
-1.796875E+00,+1.623194E+00,+5.103094E+00
-1.792969E+00,+1.623194E+00,+5.103094E+00
-1.789063E+00,+1.623194E+00,+5.100581E+00
-1.785156E+00,+1.623194E+00,+5.027717E+00
-1.781250E+00,+1.623194E+00,+4.909626E+00
-1.777344E+00,+1.623194E+00,+4.781486E+00
-1.773438E+00,+1.623194E+00,+4.650832E+00
-1.769531E+00,+1.620682E+00,+4.517666E+00
-1.765625E+00,+1.623194E+00,+4.384501E+00
-1.761719E+00,+1.620682E+00,+4.251335E+00
-1.757813E+00,+1.620682E+00,+4.118169E+00
-1.753906E+00,+1.620682E+00,+3.982491E+00
-1.750000E+00,+1.620682E+00,+3.849325E+00
-1.746094E+00,+1.620682E+00,+3.711134E+00
-1.742188E+00,+1.620682E+00,+3.572943E+00
-1.738281E+00,+1.620682E+00,+3.434752E+00
-1.734375E+00,+1.620682E+00,+3.299073E+00
-1.730469E+00,+1.618169E+00,+3.160883E+00
-1.726563E+00,+1.620682E+00,+3.025204E+00
-1.722656E+00,+1.620682E+00,+2.884501E+00
-1.718750E+00,+1.618169E+00,+2.743797E+00
-1.714844E+00,+1.618169E+00,+2.605606E+00
-1.710938E+00,+1.620682E+00,+2.469928E+00
-1.707031E+00,+1.620682E+00,+2.334249E+00
-1.703125E+00,+1.620682E+00,+2.193546E+00
-1.699219E+00,+1.620682E+00,+2.055355E+00
-1.695313E+00,+1.620682E+00,+1.919676E+00
-1.691406E+00,+1.620682E+00,+1.781486E+00
-1.687500E+00,+1.620682E+00,+1.643295E+00
-1.683594E+00,+1.620682E+00,+1.505104E+00
-1.679688E+00,+1.618169E+00,+1.361888E+00
-1.675781E+00,+1.618169E+00,+1.221184E+00
-1.671875E+00,+1.618169E+00,+1.082993E+00
-1.667969E+00,+1.618169E+00,+947.315E-03
-1.664063E+00,+1.618169E+00,+809.124E-03
-1.660156E+00,+1.618169E+00,+668.420E-03
-1.656250E+00,+1.618169E+00,+527.717E-03
-1.652344E+00,+1.618169E+00,+389.526E-03
-1.648438E+00,+1.615656E+00,+251.335E-03
-1.644531E+00,+1.615656E+00,+113.144E-03
-1.640625E+00,+1.618169E+00,-25.047E-03
-1.636719E+00,+1.620682E+00,-158.213E-03
-1.632813E+00,+1.620682E+00,-296.404E-03
-1.628906E+00,+1.620682E+00,-434.595E-03
-1.625000E+00,+1.620682E+00,-572.786E-03
-1.621094E+00,+1.620682E+00,-713.489E-03
-1.617188E+00,+1.620682E+00,-854.193E-03
-1.613281E+00,+1.618169E+00,-992.384E-03
-1.609375E+00,+1.618169E+00,-1.133087E+00
-1.605469E+00,+1.618169E+00,-1.271278E+00
-1.601563E+00,+1.620682E+00,-1.409469E+00
-1.597656E+00,+1.620682E+00,-1.547660E+00
-1.593750E+00,+1.618169E+00,-1.688364E+00
-1.589844E+00,+1.618169E+00,-1.826555E+00
-1.585938E+00,+1.618169E+00,-1.964746E+00
-1.582031E+00,+1.618169E+00,-2.102937E+00
-1.578125E+00,+1.615656E+00,-2.243640E+00
-1.574219E+00,+1.615656E+00,-2.381831E+00
-1.570313E+00,+1.615656E+00,-2.517509E+00
-1.566406E+00,+1.618169E+00,-2.653188E+00
-1.562500E+00,+1.618169E+00,-2.786354E+00
-1.558594E+00,+1.618169E+00,-2.909469E+00
-1.554688E+00,+1.618169E+00,-3.014997E+00
-1.550781E+00,+1.618169E+00,-3.105449E+00
-1.546875E+00,+1.618169E+00,-3.175801E+00
-1.542969E+00,+1.618169E+00,-3.233590E+00
-1.539063E+00,+1.618169E+00,-3.278816E+00
-1.535156E+00,+1.618169E+00,-3.303942E+00
-1.531250E+00,+1.618169E+00,-3.319017E+00
-1.527344E+00,+1.618169E+00,-3.319017E+00
-1.523438E+00,+1.618169E+00,-3.301429E+00
-1.519531E+00,+1.618169E+00,-3.276303E+00
-1.515625E+00,+1.618169E+00,-3.231077E+00
-1.511719E+00,+1.618169E+00,-3.175801E+00
-1.507813E+00,+1.618169E+00,-3.107962E+00
-1.503906E+00,+1.618169E+00,-3.025047E+00
-1.500000E+00,+1.618169E+00,-2.929570E+00
-1.496094E+00,+1.618169E+00,-2.821529E+00
-1.492188E+00,+1.618169E+00,-2.695901E+00
-1.488281E+00,+1.615656E+00,-2.567761E+00
-1.484375E+00,+1.615656E+00,-2.429570E+00
-1.480469E+00,+1.615656E+00,-2.283841E+00
-1.476563E+00,+1.615656E+00,-2.140625E+00
-1.472656E+00,+1.618169E+00,-1.997409E+00
-1.468750E+00,+1.618169E+00,-1.851680E+00
-1.464844E+00,+1.618169E+00,-1.708464E+00
-1.460938E+00,+1.618169E+00,-1.565248E+00
-1.457031E+00,+1.618169E+00,-1.419519E+00
-1.453125E+00,+1.618169E+00,-1.276303E+00
-1.449219E+00,+1.618169E+00,-1.133087E+00
-1.445313E+00,+1.618169E+00,-984.846E-03
-1.441406E+00,+1.618169E+00,-841.630E-03
-1.437500E+00,+1.620682E+00,-698.414E-03
-1.433594E+00,+1.620682E+00,-550.173E-03
-1.429688E+00,+1.620682E+00,-404.444E-03
-1.425781E+00,+1.620682E+00,-258.715E-03
-1.421875E+00,+1.623194E+00,-120.524E-03
-1.417969E+00,+1.615656E+00,+20.179E-03
-1.414063E+00,+1.615656E+00,+163.395E-03
-1.410156E+00,+1.615656E+00,+309.124E-03
-1.406250E+00,+1.618169E+00,+449.827E-03
-1.402344E+00,+1.618169E+00,+598.068E-03
-1.398438E+00,+1.615656E+00,+741.285E-03
-1.394531E+00,+1.618169E+00,+887.013E-03
-1.390625E+00,+1.618169E+00,+1.025204E+00
-1.386719E+00,+1.618169E+00,+1.173445E+00
-1.382813E+00,+1.618169E+00,+1.319174E+00
-1.378906E+00,+1.618169E+00,+1.462390E+00
-1.375000E+00,+1.618169E+00,+1.605606E+00
-1.371094E+00,+1.620682E+00,+1.751335E+00
-1.367188E+00,+1.620682E+00,+1.899576E+00
-1.363281E+00,+1.620682E+00,+2.037767E+00
-1.359375E+00,+1.618169E+00,+2.178470E+00
-1.355469E+00,+1.620682E+00,+2.324199E+00
-1.351563E+00,+1.620682E+00,+2.469928E+00
-1.347656E+00,+1.618169E+00,+2.610631E+00
-1.343750E+00,+1.620682E+00,+2.753847E+00
-1.339844E+00,+1.618169E+00,+2.899576E+00
-1.335938E+00,+1.620682E+00,+3.045305E+00
-1.332031E+00,+1.620682E+00,+3.186008E+00
-1.328125E+00,+1.620682E+00,+3.326712E+00
-1.324219E+00,+1.618169E+00,+3.469928E+00
-1.320313E+00,+1.620682E+00,+3.610631E+00
-1.316406E+00,+1.620682E+00,+3.751335E+00
-1.312500E+00,+1.620682E+00,+3.892038E+00
-1.308594E+00,+1.620682E+00,+4.035254E+00
-1.304688E+00,+1.620682E+00,+4.173445E+00
-1.300781E+00,+1.620682E+00,+4.314149E+00
-1.296875E+00,+1.620682E+00,+4.447315E+00
-1.292969E+00,+1.620682E+00,+4.588018E+00
-1.289063E+00,+1.620682E+00,+4.723697E+00
-1.285156E+00,+1.620682E+00,+4.856862E+00
-1.281250E+00,+1.623194E+00,+4.987516E+00
-1.277344E+00,+1.623194E+00,+5.085506E+00
-1.273438E+00,+1.623194E+00,+5.103094E+00
-1.269531E+00,+1.623194E+00,+5.103094E+00
-1.265625E+00,+1.623194E+00,+5.103094E+00
-1.261719E+00,+1.623194E+00,+5.103094E+00
-1.257813E+00,+1.623194E+00,+5.103094E+00
-1.253906E+00,+1.623194E+00,+5.103094E+00
-1.250000E+00,+1.623194E+00,+5.103094E+00
-1.246094E+00,+1.623194E+00,+5.103094E+00
-1.242188E+00,+1.623194E+00,+5.103094E+00
-1.238281E+00,+1.623194E+00,+5.103094E+00
-1.234375E+00,+1.623194E+00,+5.103094E+00
-1.230469E+00,+1.623194E+00,+5.103094E+00
-1.226563E+00,+1.623194E+00,+5.103094E+00
-1.222656E+00,+1.623194E+00,+5.103094E+00
-1.218750E+00,+1.623194E+00,+5.103094E+00
-1.214844E+00,+1.623194E+00,+5.093043E+00
-1.210938E+00,+1.623194E+00,+5.012641E+00
-1.207031E+00,+1.623194E+00,+4.899576E+00
-1.203125E+00,+1.623194E+00,+4.771435E+00
-1.199219E+00,+1.620682E+00,+4.643295E+00
-1.195313E+00,+1.620682E+00,+4.510129E+00
-1.191406E+00,+1.620682E+00,+4.376963E+00
-1.187500E+00,+1.620682E+00,+4.243797E+00
-1.183594E+00,+1.620682E+00,+4.108119E+00
-1.179688E+00,+1.618169E+00,+3.972440E+00
-1.175781E+00,+1.618169E+00,+3.836762E+00
-1.171875E+00,+1.620682E+00,+3.703596E+00
-1.167969E+00,+1.620682E+00,+3.565405E+00
-1.164063E+00,+1.620682E+00,+3.429727E+00
-1.160156E+00,+1.618169E+00,+3.291536E+00
-1.156250E+00,+1.618169E+00,+3.155857E+00
-1.152344E+00,+1.620682E+00,+3.017666E+00
-1.148438E+00,+1.618169E+00,+2.876963E+00
-1.144531E+00,+1.618169E+00,+2.736259E+00
-1.140625E+00,+1.618169E+00,+2.600581E+00
-1.136719E+00,+1.620682E+00,+2.464903E+00
-1.132813E+00,+1.620682E+00,+2.324199E+00
-1.128906E+00,+1.620682E+00,+2.186008E+00
-1.125000E+00,+1.618169E+00,+2.047817E+00
-1.121094E+00,+1.618169E+00,+1.912139E+00
-1.117188E+00,+1.618169E+00,+1.768923E+00
-1.113281E+00,+1.620682E+00,+1.633244E+00
-1.109375E+00,+1.618169E+00,+1.495053E+00
-1.105469E+00,+1.618169E+00,+1.356862E+00
-1.101563E+00,+1.618169E+00,+1.216159E+00
-1.097656E+00,+1.618169E+00,+1.075455E+00
-1.093750E+00,+1.618169E+00,+939.777E-03
-1.089844E+00,+1.618169E+00,+804.099E-03
-1.085938E+00,+1.618169E+00,+665.908E-03
-1.082031E+00,+1.618169E+00,+522.692E-03
-1.078125E+00,+1.618169E+00,+384.501E-03
-1.074219E+00,+1.618169E+00,+246.310E-03
-1.070313E+00,+1.615656E+00,+105.606E-03
-1.066406E+00,+1.618169E+00,-30.072E-03
-1.062500E+00,+1.623194E+00,-165.751E-03
-1.058594E+00,+1.620682E+00,-303.942E-03
-1.054688E+00,+1.620682E+00,-444.645E-03
-1.050781E+00,+1.620682E+00,-582.836E-03
-1.046875E+00,+1.620682E+00,-721.027E-03
-1.042969E+00,+1.620682E+00,-859.218E-03
-1.039063E+00,+1.618169E+00,-997.409E-03
-1.035156E+00,+1.620682E+00,-1.140625E+00
-1.031250E+00,+1.618169E+00,-1.278816E+00
-1.027344E+00,+1.620682E+00,-1.417007E+00
-1.023438E+00,+1.620682E+00,-1.555198E+00
-1.019531E+00,+1.620682E+00,-1.693389E+00
-1.015625E+00,+1.618169E+00,-1.831580E+00
-1.011719E+00,+1.618169E+00,-1.969771E+00
-1.007813E+00,+1.618169E+00,-2.107962E+00
-1.003906E+00,+1.618169E+00,-2.246153E+00
-1.000000E+00,+1.618169E+00,-2.386856E+00
-996.094E-03,+1.618169E+00,-2.525047E+00
-992.188E-03,+1.620682E+00,-2.660725E+00
-988.281E-03,+1.620682E+00,-2.783841E+00
-984.375E-03,+1.620682E+00,-2.894394E+00
-980.469E-03,+1.618169E+00,-2.987359E+00
-976.563E-03,+1.618169E+00,-3.067761E+00
-972.656E-03,+1.618169E+00,-3.133087E+00
-968.750E-03,+1.618169E+00,-3.180826E+00
-964.844E-03,+1.618169E+00,-3.216002E+00
-960.938E-03,+1.618169E+00,-3.233590E+00
-957.031E-03,+1.618169E+00,-3.243640E+00
-953.125E-03,+1.618169E+00,-3.231077E+00
-949.219E-03,+1.618169E+00,-3.213489E+00
-945.313E-03,+1.618169E+00,-3.178313E+00
-941.406E-03,+1.620682E+00,-3.130575E+00
-937.500E-03,+1.620682E+00,-3.067761E+00
-933.594E-03,+1.620682E+00,-2.989871E+00
-929.688E-03,+1.620682E+00,-2.901932E+00
-925.781E-03,+1.620682E+00,-2.801429E+00
-921.875E-03,+1.620682E+00,-2.688364E+00
-917.969E-03,+1.618169E+00,-2.567761E+00
-914.063E-03,+1.618169E+00,-2.434595E+00
-910.156E-03,+1.618169E+00,-2.293891E+00
-906.250E-03,+1.620682E+00,-2.148163E+00
-902.344E-03,+1.620682E+00,-2.002434E+00
-898.438E-03,+1.618169E+00,-1.861731E+00
-894.531E-03,+1.620682E+00,-1.716002E+00
-890.625E-03,+1.620682E+00,-1.572786E+00
-886.719E-03,+1.620682E+00,-1.427057E+00
-882.813E-03,+1.620682E+00,-1.283841E+00
-878.906E-03,+1.620682E+00,-1.140625E+00
-875.000E-03,+1.620682E+00,-992.384E-03
-871.094E-03,+1.620682E+00,-846.655E-03
-867.188E-03,+1.620682E+00,-700.927E-03
-863.281E-03,+1.620682E+00,-557.710E-03
-859.375E-03,+1.620682E+00,-414.494E-03
-855.469E-03,+1.620682E+00,-268.766E-03
-851.563E-03,+1.623194E+00,-128.062E-03
-847.656E-03,+1.618169E+00,+15.154E-03
-843.750E-03,+1.618169E+00,+155.857E-03
-839.844E-03,+1.618169E+00,+301.586E-03
-835.938E-03,+1.618169E+00,+442.290E-03
-832.031E-03,+1.618169E+00,+590.531E-03
-828.125E-03,+1.618169E+00,+736.259E-03
-824.219E-03,+1.618169E+00,+879.475E-03
-820.313E-03,+1.620682E+00,+1.020179E+00
-816.406E-03,+1.620682E+00,+1.163395E+00
-812.500E-03,+1.618169E+00,+1.311636E+00
-808.594E-03,+1.618169E+00,+1.454852E+00
-804.688E-03,+1.618169E+00,+1.600581E+00
-800.781E-03,+1.620682E+00,+1.743797E+00
-796.875E-03,+1.618169E+00,+1.887013E+00
-792.969E-03,+1.618169E+00,+2.027717E+00
-789.063E-03,+1.620682E+00,+2.170933E+00
-785.156E-03,+1.620682E+00,+2.314149E+00
-781.250E-03,+1.620682E+00,+2.459877E+00
-777.344E-03,+1.618169E+00,+2.600581E+00
-773.438E-03,+1.618169E+00,+2.741285E+00
-769.531E-03,+1.618169E+00,+2.887013E+00
-765.625E-03,+1.620682E+00,+3.032742E+00
-761.719E-03,+1.618169E+00,+3.175958E+00
-757.813E-03,+1.620682E+00,+3.316661E+00
-753.906E-03,+1.620682E+00,+3.459877E+00
-750.000E-03,+1.620682E+00,+3.603094E+00
-746.094E-03,+1.620682E+00,+3.743797E+00
-742.188E-03,+1.620682E+00,+3.887013E+00
-738.281E-03,+1.620682E+00,+4.027717E+00
-734.375E-03,+1.620682E+00,+4.163395E+00
-730.469E-03,+1.623194E+00,+4.304099E+00
-726.563E-03,+1.623194E+00,+4.442290E+00
-722.656E-03,+1.623194E+00,+4.580480E+00
-718.750E-03,+1.623194E+00,+4.716159E+00
-714.844E-03,+1.623194E+00,+4.846812E+00
-710.938E-03,+1.623194E+00,+4.964903E+00
-707.031E-03,+1.625707E+00,+5.062893E+00
-703.125E-03,+1.625707E+00,+5.103094E+00
-699.219E-03,+1.625707E+00,+5.103094E+00
-695.313E-03,+1.625707E+00,+5.103094E+00
-691.406E-03,+1.625707E+00,+5.103094E+00
-687.500E-03,+1.625707E+00,+5.103094E+00
-683.594E-03,+1.623194E+00,+5.103094E+00
-679.688E-03,+1.625707E+00,+5.103094E+00
-675.781E-03,+1.625707E+00,+5.103094E+00
-671.875E-03,+1.623194E+00,+5.103094E+00
-667.969E-03,+1.625707E+00,+5.103094E+00
-664.063E-03,+1.625707E+00,+5.103094E+00
-660.156E-03,+1.623194E+00,+5.103094E+00
-656.250E-03,+1.625707E+00,+5.103094E+00
-652.344E-03,+1.625707E+00,+5.103094E+00
-648.438E-03,+1.625707E+00,+5.067918E+00
-644.531E-03,+1.623194E+00,+4.979978E+00
-640.625E-03,+1.623194E+00,+4.871938E+00
-636.719E-03,+1.623194E+00,+4.751335E+00
-632.813E-03,+1.620682E+00,+4.625707E+00
-628.906E-03,+1.620682E+00,+4.492541E+00
-625.000E-03,+1.623194E+00,+4.361888E+00
-621.094E-03,+1.620682E+00,+4.226209E+00
-617.188E-03,+1.620682E+00,+4.090531E+00
-613.281E-03,+1.620682E+00,+3.957365E+00
-609.375E-03,+1.620682E+00,+3.821687E+00
-605.469E-03,+1.623194E+00,+3.686008E+00
-601.563E-03,+1.620682E+00,+3.550330E+00
-597.656E-03,+1.620682E+00,+3.409626E+00
-593.750E-03,+1.620682E+00,+3.276460E+00
-589.844E-03,+1.620682E+00,+3.138269E+00
-585.938E-03,+1.620682E+00,+3.000078E+00
-582.031E-03,+1.618169E+00,+2.859375E+00
-578.125E-03,+1.618169E+00,+2.718671E+00
-574.219E-03,+1.618169E+00,+2.582993E+00
-570.313E-03,+1.620682E+00,+2.447315E+00
-566.406E-03,+1.620682E+00,+2.309124E+00
-562.500E-03,+1.620682E+00,+2.168420E+00
-558.594E-03,+1.618169E+00,+2.027717E+00
-554.688E-03,+1.618169E+00,+1.892038E+00
-550.781E-03,+1.618169E+00,+1.751335E+00
-546.875E-03,+1.618169E+00,+1.615656E+00
-542.969E-03,+1.618169E+00,+1.474953E+00
-539.063E-03,+1.618169E+00,+1.336762E+00
-535.156E-03,+1.618169E+00,+1.198571E+00
-531.250E-03,+1.620682E+00,+1.057867E+00
-527.344E-03,+1.618169E+00,+922.189E-03
-523.438E-03,+1.618169E+00,+783.998E-03
-519.531E-03,+1.618169E+00,+645.807E-03
-515.625E-03,+1.618169E+00,+502.591E-03
-511.719E-03,+1.618169E+00,+366.913E-03
-507.813E-03,+1.618169E+00,+226.209E-03
-503.906E-03,+1.618169E+00,+90.531E-03
-500.000E-03,+1.620682E+00,-45.148E-03
-496.094E-03,+1.620682E+00,-183.339E-03
-492.188E-03,+1.620682E+00,-321.530E-03
-488.281E-03,+1.620682E+00,-462.233E-03
-484.375E-03,+1.618169E+00,-600.424E-03
-480.469E-03,+1.618169E+00,-741.128E-03
-476.563E-03,+1.618169E+00,-876.806E-03
-472.656E-03,+1.618169E+00,-1.017509E+00
-468.750E-03,+1.618169E+00,-1.155700E+00
-464.844E-03,+1.618169E+00,-1.296404E+00
-460.938E-03,+1.618169E+00,-1.434595E+00
-457.031E-03,+1.618169E+00,-1.575298E+00
-453.125E-03,+1.618169E+00,-1.710977E+00
-449.219E-03,+1.618169E+00,-1.849168E+00
-445.313E-03,+1.618169E+00,-1.989871E+00
-441.406E-03,+1.618169E+00,-2.128062E+00
-437.500E-03,+1.615656E+00,-2.266253E+00
-433.594E-03,+1.615656E+00,-2.404444E+00
-429.688E-03,+1.615656E+00,-2.537610E+00
-425.781E-03,+1.618169E+00,-2.655700E+00
-421.875E-03,+1.618169E+00,-2.761228E+00
-417.969E-03,+1.618169E+00,-2.854193E+00
-414.063E-03,+1.618169E+00,-2.929570E+00
-410.156E-03,+1.618169E+00,-2.994896E+00
-406.250E-03,+1.618169E+00,-3.042635E+00
-402.344E-03,+1.615656E+00,-3.077811E+00
-398.438E-03,+1.615656E+00,-3.097911E+00
-394.531E-03,+1.615656E+00,-3.102937E+00
-390.625E-03,+1.618169E+00,-3.097911E+00
-386.719E-03,+1.618169E+00,-3.077811E+00
-382.813E-03,+1.618169E+00,-3.045148E+00
-378.906E-03,+1.618169E+00,-2.997409E+00
-375.000E-03,+1.615656E+00,-2.939620E+00
-371.094E-03,+1.618169E+00,-2.869268E+00
-367.188E-03,+1.618169E+00,-2.781328E+00
-363.281E-03,+1.618169E+00,-2.683339E+00
-359.375E-03,+1.618169E+00,-2.577811E+00
-355.469E-03,+1.628219E+00,-2.444645E+00
-351.563E-03,+1.633244E+00,-2.313992E+00
-347.656E-03,+1.633244E+00,-2.170776E+00
-343.750E-03,+1.633244E+00,-2.030072E+00
-339.844E-03,+1.633244E+00,-1.886856E+00
-335.938E-03,+1.633244E+00,-1.741127E+00
-332.031E-03,+1.633244E+00,-1.595399E+00
-328.125E-03,+1.635757E+00,-1.449670E+00
-324.219E-03,+1.633244E+00,-1.308967E+00
-320.313E-03,+1.633244E+00,-1.163238E+00
-316.406E-03,+1.633244E+00,-1.017509E+00
-312.500E-03,+1.635757E+00,-871.781E-03
-308.594E-03,+1.635757E+00,-726.052E-03
-304.688E-03,+1.635757E+00,-580.323E-03
-300.781E-03,+1.635757E+00,-437.107E-03
-296.875E-03,+1.635757E+00,-291.379E-03
-292.969E-03,+1.635757E+00,-148.163E-03
-289.063E-03,+1.633244E+00,-7.459E-03
-285.156E-03,+1.630732E+00,+135.757E-03
-281.250E-03,+1.630732E+00,+276.460E-03
-277.344E-03,+1.630732E+00,+419.677E-03
-273.438E-03,+1.633244E+00,+565.405E-03
-269.531E-03,+1.633244E+00,+713.646E-03
-265.625E-03,+1.633244E+00,+856.862E-03
-261.719E-03,+1.633244E+00,+997.566E-03
-257.813E-03,+1.635757E+00,+1.140782E+00
-253.906E-03,+1.633244E+00,+1.286511E+00
-250.000E-03,+1.633244E+00,+1.429727E+00
-246.094E-03,+1.633244E+00,+1.575455E+00
-242.188E-03,+1.635757E+00,+1.721184E+00
-238.281E-03,+1.635757E+00,+1.866913E+00
-234.375E-03,+1.635757E+00,+2.007616E+00
-230.469E-03,+1.635757E+00,+2.150832E+00
-226.563E-03,+1.635757E+00,+2.296561E+00
-222.656E-03,+1.638269E+00,+2.439777E+00
-218.750E-03,+1.633244E+00,+2.582993E+00
-214.844E-03,+1.633244E+00,+2.721184E+00
-210.938E-03,+1.635757E+00,+2.869425E+00
-207.031E-03,+1.635757E+00,+3.015154E+00
-203.125E-03,+1.635757E+00,+3.158370E+00
-199.219E-03,+1.635757E+00,+3.299073E+00
-195.313E-03,+1.635757E+00,+3.439777E+00
-191.406E-03,+1.635757E+00,+3.582993E+00
-187.500E-03,+1.638269E+00,+3.723697E+00
-183.594E-03,+1.635757E+00,+3.866913E+00
-179.688E-03,+1.635757E+00,+4.007616E+00
-175.781E-03,+1.635757E+00,+4.145807E+00
-171.875E-03,+1.635757E+00,+4.286511E+00
-167.969E-03,+1.638269E+00,+4.422189E+00
-164.063E-03,+1.638269E+00,+4.560380E+00
-160.156E-03,+1.635757E+00,+4.686008E+00
-156.250E-03,+1.638269E+00,+4.801586E+00
-152.344E-03,+1.638269E+00,+4.902089E+00
-148.438E-03,+1.638269E+00,+4.990028E+00
-144.531E-03,+1.638269E+00,+5.060380E+00
-140.625E-03,+1.638269E+00,+5.103094E+00
-136.719E-03,+1.638269E+00,+5.103094E+00
-132.813E-03,+1.638269E+00,+5.103094E+00
-128.906E-03,+1.640782E+00,+5.103094E+00
-125.000E-03,+1.638269E+00,+5.103094E+00
-121.094E-03,+1.638269E+00,+5.103094E+00
-117.188E-03,+1.640782E+00,+5.103094E+00
-113.281E-03,+1.638269E+00,+5.103094E+00
-109.375E-03,+1.638269E+00,+5.103094E+00
-105.469E-03,+1.638269E+00,+5.103094E+00
-101.563E-03,+1.640782E+00,+5.075455E+00
-97.656E-03,+1.638269E+00,+5.012641E+00
-93.750E-03,+1.638269E+00,+4.934752E+00
-89.844E-03,+1.638269E+00,+4.844300E+00
-85.938E-03,+1.638269E+00,+4.743797E+00
-82.031E-03,+1.635757E+00,+4.633244E+00
-78.125E-03,+1.635757E+00,+4.510129E+00
-74.219E-03,+1.635757E+00,+4.381988E+00
-70.313E-03,+1.638269E+00,+4.248822E+00
-66.406E-03,+1.635757E+00,+4.115656E+00
-62.500E-03,+1.635757E+00,+3.985003E+00
-58.594E-03,+1.635757E+00,+3.846812E+00
-54.688E-03,+1.635757E+00,+3.708621E+00
-50.781E-03,+1.635757E+00,+3.572943E+00
-46.875E-03,+1.635757E+00,+3.437264E+00
-42.969E-03,+1.635757E+00,+3.299073E+00
-39.063E-03,+1.633244E+00,+3.163395E+00
-35.156E-03,+1.633244E+00,+3.025204E+00
-31.250E-03,+1.633244E+00,+2.884501E+00
-27.344E-03,+1.633244E+00,+2.746310E+00
-23.438E-03,+1.633244E+00,+2.608119E+00
-19.531E-03,+1.635757E+00,+2.469928E+00
-15.625E-03,+1.635757E+00,+2.331737E+00
-11.719E-03,+1.633244E+00,+2.193546E+00
-7.813E-03,+1.633244E+00,+2.055355E+00
-3.906E-03,+1.633244E+00,+1.919676E+00
